"biogrid","entrez gene/locuslink","Human Readable Label","name","ncbi_gene_id","selected","shared name","Taxonomy ID","Taxonomy Name"
"115330","JM21|10013|HD6|PPP1R90|HDAC6|CPBHM","JM21","10013","10013","false","10013","9606",""
"109541","HSPA5|BIP|GRP78|MIF2|3309|HEL-S-89n","HSPA5","3309","3309","false","3309","9606",""
"116259","TPPP1|p25|p24|11076|TPPP/p25|TPPP|p25alpha","TPPP1","11076","11076","false","11076","9606",""
"109165","GRL|GCR|2908|GCCR|GR|NR3C1|GCRST","GRL","2908","2908","false","2908","9606",""
"121947","IIP45|MIIP|60672|RP5-1077B9.4","IIP45","60672","60672","false","60672","9606",""
"110700","MYD88D|4615|MYD88","MYD88D","4615","4615","false","4615","9606",""
"115448","G3BP1|G3BP|10146|HDH-VIII","G3BP1","10146","10146","false","10146","9606",""
"116593","SIR2|SIR2L2|22933|SIR2L|SIRT2","SIR2","22933","22933","false","22933","9606",""
"122970","79885|HDAC11|HD11","HDAC11","79885","79885","false","79885","9606",""
"120228","54880|MAA2|BCOR|ANOP2|MCOPS2","MAA2","54880","54880","false","54880","9606",""
"107308","CBF-alpha-1|CCD|OSF-2|PEA2aA|AML3|RUNX2|860|RP1-166H4.1|CCD1|CLCD|OSF2|PEBP2aA|CBFA1","CBF-alpha-1","860","860","false","860","9606",""
"107311","MTG16|ETO2|ZMYND4|MTGR2|863|CBFA2T3","MTG16","863","863","false","863","9606",""
"113498","ZBTB16|7704|PLZF|ZNF145","ZBTB16","7704","7704","false","7704","9606",""
"111903","IREL|5971|REL-B|RELB|I-REL","IREL","5971","5971","false","5971","9606",""
"115360","MRJ|MSJ-1|DJ4|HSJ2|DnaJ|HHDJ1|DNAJB6|HSJ-2|LGMD1D|tcag7.555|LGMD1E|10049","MRJ","10049","10049","false","10049","9606",""
"127919","DJ6|CT156|165721|DNAJB8","DJ6","165721","165721","false","165721","9606",""
"108276","PIG61|ERBB1|mENA|ERBB|HER1|NISBD2|1956|EGFR","PIG61","1956","1956","false","1956","9606",""
"113999","EEA1|MSTP105|MST105|8411|ZFYVE2","EEA1","8411","8411","false","8411","9606",""
"109338","PASD8|3091|bHLHe78|MOP1|HIF-1alpha|HIF-1A|HIF1A|HIF1|HIF1-ALPHA","PASD8","3091","3091","false","3091","9606",""
"110308","MSTD|PPND|FTDP-17|4137|TAU|MAPT|DDPAC|MTBT1|MTBT2|MAPTL|PPP1R103","MSTD","4137","4137","false","4137","9606",""
"109552","HSP90N|HSPCAL1|HSP90AA1|HSPCAL4|EL52|HSP89A|HSPN|3320|Hsp89|LAP-2|HSPC1|Hsp90|LAP2|HSP90A|HSP86|HSPCA","HSP90N","3320","3320","false","3320","9606",""
"107506","1080|tcag7.78|dJ760C5.1|CF|ABCC7|ABC35|MRP7|CFTR/MRP|TNR-CFTR|CFTR","tcag7.78","1080","1080","false","1080","9606",""
"111495","PPP1CC|PP1C|5501|PPP1G|PP-1G","PPP1CC","5501","5501","false","5501","9606",""
"109407","NR4A1|TR3|NAK-1|NP10|NUR77|NGFIB|3164|HMR|N10|GFRP1","NR4A1","3164","3164","false","3164","9606",""
"123559","AUNA1|81624|DIAPH3|mDia2|DIA2|RP11-26P21.1|DRF3|AN|NSDAN|diap3","AUNA1","81624","81624","false","81624","9606",""
"114206","LC8|LC8a|8655|PIN|DNCLC1|DLC1|hdlc1|DYNLL1|DNCL1|DLC8","LC8","8655","8655","false","8655","9606",""
"114012","8431|SHP1|SHP|NR0B2","SHP1","8431","8431","false","8431","9606",""
"110267","CRCS3|MADH7|MADH8|4092|SMAD7","CRCS3","4092","4092","false","4092","9606",""
"112717","6850|SYK|p72-Syk","SYK","6850","6850","false","6850","9606",""
"131483","RP11-506K6.1|TUBB2B|bA506K6.1|347733|PMGYSA","RP11-506K6.1","347733","347733","false","347733","9606",""
"113603","B-ALPHA-1|TUBA1A|TUBA3|7846|LIS3","B-ALPHA-1","7846","7846","false","7846","9606",""
"124093","84458|LCOR|MLR2","LCOR","84458","84458","false","84458","9606",""
"107460","CDKN1A|1026|CIP1|p21CIP1|CDKN1|WAF1|CAP20|P21|MDA-6|SDI1","CDKN1A","1026","1026","false","1026","9606",""
"113131","TUBB2A|dJ40E16.7|TUBB|TUBB2|7280|CDCBM5","TUBB2A","7280","7280","false","7280","9606",""
"108625","2339|PTAR2|FNTA|FPTA|PGGT1A","PTAR2","2339","2339","false","2339","9606",""
"108627","FNTB|2342|FPTB","FNTB","2342","2342","false","2342","9606",""
"108347","p300|KAT3B|RSTS2|2033|EP300|RP1-85F18.1","p300","2033","2033","false","2033","9606",""
"108376","CD340|MLN 19|TKR1|NGL|ERBB2|HER-2/neu|2064|HER2|HER-2|NEU","CD340","2064","2064","false","2064","9606",""
"108377","ErbB-3|p180-ErbB3|p45-sErbB3|ERBB3|LCCS2|c-erbB-3|2065|c-erbB3|p85-sErbB3|MDA-BF-1|erbB3-S|HER3","ErbB-3","2065","2065","false","2065","9606",""
"108378","ERBB4|ALS19|2066|p180erbB4|HER4","ERBB4","2066","2066","false","2066","9606",""
"117003","ALS10|TDP-43|TARDBP|23435|RP4-635E18.2","ALS10","23435","23435","false","23435","9606",""
"107920","CYLDI|SBS|EAC|USPL2|BRSS|CYLD|MFT1|1540|CDMT|CYLD1|MFT|HSPC057|TEM","CYLDI","1540","1540","false","1540","9606",""
"116581","EB1|22919|MAPRE1","EB1","22919","22919","false","22919","9606",""
"115425","ACTR1A|CTRN1|10121|ARP1","ACTR1A","10121","10121","false","10121","9606",""
"111571","PAK1|PKN|5585|PRKCL1|PKN-ALPHA|PAK-1|PKN1|DBK|PRK1","PAK1","5585","5585","false","5585","9606",""
"108489","FAT1|CDHF7|FAT|hFat1|2195|ME5|CDHR8","FAT1","2195","2195","false","2195","9606",""
"115791","FAT10|UBD-3|GABBR1|10537|UBD|DADB-115L1.4","FAT10","10537","10537","false","10537","9606",""
"107074","BCL4|BCL3|602|D19S37","BCL4","602","602","false","602","9606",""
"113164","UBC|7316|HMG20","UBC","7316","7316","false","7316","9606",""
"109547","HEL-S-102|3315|HMN2B|Hsp25|HS.76067|HSP28|HSP27|HSPB1|CMT2F|SRP27","HEL-S-102","3315","3315","false","3315","9606",""
"113896","FER1L1|8291|DYSF|MMD1|LGMD2B","FER1L1","8291","8291","false","8291","9606",""
"114774","PLAA|PLA2P|DOA1|9373|PLAP","PLAA","9373","9373","false","9373","9606",""
"120360","USP47|55031|TRFP","USP47","55031","55031","false","55031","9606",""
"107842","1459|CSNK2A1|CSNK2A2|CK2A2","CSNK2A1","1459","1459","false","1459","9606",""
"109186","2931|GSK3A","GSK3A","2931","2931","false","2931","9606",""
"109187","2932|GSK3B","GSK3B","2932","2932","false","2932","9606",""
"117176","23649|POLA2","POLA2","23649","23649","false","23649","9606",""
"109514","3280|bHLHb39|HES1|HES-1|HHL|HRY","bHLHb39","3280","3280","false","3280","9606",""
"110759","RP4-697E16.3|NASP|PRO1999|4678|FLB7527","RP4-697E16.3","4678","4678","false","4678","9606",""
"108497","2203|FBP|RP11-342C23.1|FBP1","FBP","2203","2203","false","2203","9606",""
"117531","26073|HSPC017|POLD4|POLDIP2|PDIP38|p38","HSPC017","26073","26073","false","26073","9606",""
"122851","C12orf58|BBS10|79738","C12orf58","79738","79738","false","79738","9606",""
"116763","NACAD|23148","NACAD","23148","23148","false","23148","9606",""
"113539","ZNF210|Zfp13|RhitH|7755|ZNF205","ZNF210","7755","7755","false","7755","9606",""
"114801","9404|LDPL|LPXN","LDPL","9404","9404","false","9404","9606",""
"115800","PRX-4|10549|HEL-S-97n|PRDX4|AOE372|AOE37-2","PRX-4","10549","10549","false","10549","9606",""
"113169","SFT|7321|UBCH5A|UBE2D1|UBC4/5|E2|UBCH5","SFT","7321","7321","false","7321","9606",""
"113171","7323|UBE2D3|UBC4/5|E2|UBCH5C","UBE2D3","7323","7323","false","7323","9606",""
"113176","GID3|UBE2H|UBC8|UBCH|E2-20K|7328|UBCH2","GID3","7328","7328","false","7328","9606",""
"113172","7324|UBE2E1|UBCH6","UBE2E1","7324","7324","false","7324","9606",""
"116973","CLN12|RP1-37C10.4|HSA9947|PARK9|ATP13A2|KRPPD|23400","CLN12","23400","23400","false","23400","9606",""
"128444","203068|TUBB5|TUBB|OK/SW-cl.56|TUBB1|M40|CDCBM6|DAAP-285E11.4","TUBB5","203068","203068","false","203068","9606",""
"117379","BRMS1|25855","BRMS1","25855","25855","false","25855","9606",""
"126435","TRIM50|TRIM50A|135892","TRIM50","135892","135892","false","135892","9606",""
"108332","2017|CTTN|EMS1","CTTN","2017","2017","false","2017","9606",""
"112666","6790|PPP1R47|AIK|BTAK|ARK1|STK6|STK7|AURKA|STK15|RP5-1167H4.6|AURORA2|AURA","PPP1R47","6790","6790","false","6790","9606",""
"123926","RPA135|POLR1B|RPA2|84172|Rpo1-2","RPA135","84172","84172","false","84172","9606",""
"122103","64210|RP11-452K12.5|MMS19L|MMS19|hMMS19|MET18","RP11-452K12.5","64210","64210","false","64210","9606",""
"112530","hSod1|ALS1|ALS|SOD|6647|HEL-S-44|IPOA|SOD1|homodimer","hSod1","6647","6647","false","6647","9606",""
"121000","55917|CTTNBP2NL","CTTNBP2NL","55917","55917","false","55917","9606",""
"115115","RASSF2|CENP-34|RASFADIN|RP4-599I11.1|9770","RASSF2","9770","9770","false","9770","9606",""
"121917","60485|SAV|WW45|WWP4|SAV1","SAV","60485","60485","false","60485","9606",""
"113620","7871|UNQ1847/PRO3577|SLMAP|SLAP","UNQ1847/PRO3577","7871","7871","false","7871","9606",""
"938509","RSRFR2|MEF2B|hCG_38559|100271849","RSRFR2","100271849","100271849","false","100271849","9606",""
"107427","CDC20|p55CDC|991|bA276H19.3|CDC20A","CDC20","991","991","false","991","9606",""
"107880","1499|MRD19|CTNNB|armadillo|OK/SW-cl.35|CTNNB1","MRD19","1499","1499","false","1499","9606",""
"107305","BSCL3|VIP21|CGL3|CAV1|857|MSTP085|PPH3|LCCNS","BSCL3","857","857","false","857","9606",""
"110969","4914|NTRK1|TRK1|TRKA|Trk-A|TRK|p140-TrkA|MTC","NTRK1","4914","4914","false","4914","9606",""
"124418","SB132|BMSC-UbP|84993|TCBA1|UBL7","SB132","84993","84993","false","84993","9606",""
"110344","P1.1-MCM3|4176|MCM7|P1CDC47|CDC47|PNAS146|P85MCM|PPP1R104|MCM2","P1.1-MCM3","4176","4176","false","4176","9606",""
"114631","KV-BETA-3|AKR6A9|KCNA3.1B|KCNA3B|KCNAB3|9196","KV-BETA-3","9196","9196","false","9196","9606",""
"110034","3836|IPOA5|SRP1|NPI-1|RCH2|KPNA1","IPOA5","3836","3836","false","3836","9606",""
"125807","122953|JDP2|JUNDM2","JDP2","122953","122953","false","122953","9606",""
"106957","467|RP11-338C15.1|ATF3","RP11-338C15.1","467","467","false","467","9606",""
"109127","RP11-714M16.1|GRK5|GPRK5|2869","RP11-714M16.1","2869","2869","false","2869","9606",""
"110433","RP11-529H20.5|AT3|ATX3|ATXN3|SCA3|4287|MJD|MJD1|JOS","RP11-529H20.5","4287","4287","false","4287","9606",""
"122472","VKORC1|VKOR|MSTP134|IMAGE3455200|VKCFD2|MST134|MST576|EDTP308|79001","VKORC1","79001","79001","false","79001","9606",""
"115359","BPM90|RANBPM|RANBP9|BPM-L|10048|RanBP7","BPM90","10048","10048","false","10048","9606",""
"106663","154|BAR|BETA2AR|ADRB2|ADRBR|ADRB2R|B2AR","BAR","154","154","false","154","9606",""
"115651","TUBA1B|10376|K-ALPHA-1","TUBA1B","10376","10376","false","10376","9606",""
"111581","PRKM3|5595|HUMKER1A|HS44KDAP|P44ERK1|ERT2|p44-MAPK|p44-ERK1|ERK-1|P44MAPK|ERK1|MAPK3","PRKM3","5595","5595","false","5595","9606",""
"111580","PRKM1|5594|PRKM2|p41mapk|ERT1|p41|p40|P42MAPK|ERK-2|ERK2|p38|p42-MAPK|MAPK2|MAPK1|ERK","PRKM1","5594","5594","false","5594","9606",""
"114397","PDB3|OSIL|p62B|A170|ZIP3|8878|p60|SQSTM1|p62","PDB3","8878","8878","false","8878","9606",""
"108016","CHOP10|DDIT3|GADD153|CHOP|CEBPZ|CHOP-10|1649","CHOP10","1649","1649","false","1649","9606",""
"108117","1778|DHC1a|DNCH1|DYHC|DYNC1H1|p22|DNCL|DNECL|Dnchc1|HL-3|SMALED1|DHC1","DHC1a","1778","1778","false","1778","9606",""
"106575","PS1TP5BP1|60|BRWS1|ACTB","PS1TP5BP1","60","60","false","60","9606",""
"110713","4628|NMMHCB|NMMHC-IIB|MYH10","NMMHCB","4628","4628","false","4628","9606",""
"114995","IFI15|hUCRP|9636|ISG15|UCRP|G1P2|IMD38|IP17","IFI15","9636","9636","false","9636","9606",""
"115098","9750|PL48|DIFF48|C6orf32|FAM65B|MYONAP|DIFF40","PL48","9750","9750","false","9750","9606",""
"112163","CYLN1|CLIP170|CLIP1|6249|CLIP-170|RSN|CLIP","CYLN1","6249","6249","false","6249","9606",""
"113946","HIST1H3A|H3FA|8350|H3/A","HIST1H3A","8350","8350","false","8350","9606",""
"112368","6472|SHMT2|SHMT|HEL-S-51e|GLYA","SHMT2","6472","6472","false","6472","9606",""
"115745","NXF1|TAP|10482|MEX67","NXF1","10482","10482","false","10482","9606",""
"111787","hCG_1778014|5829|PXN","hCG_1778014","5829","5829","false","5829","9606",""
"108309","1994|HUR|Hua|MelG|ELAV1|ELAVL1","HUR","1994","1994","false","1994","9606",""
"123747","dJ468O1.1|ITCH|AIP4|NAPP1|AIF4|ADMFD|83737","dJ468O1.1","83737","83737","false","83737","9606",""
"122777","RP11-535K18.3|MAP7D3|79649|MDP3","RP11-535K18.3","79649","79649","false","79649","9606",""
"115255","CMT2A2|CPRP1|MFN2|MARF|CMT2A|HSG|RP5-1077B9.3|9927","CMT2A2","9927","9927","false","9927","9606",""
"113366","14-3-3-zeta|YWHAD|HEL4|7534|HEL-S-3|YWHAZ|KCIP-1","YWHAD","7534","7534","false","7534","9606",""
"108589","FKH6|2300|FOXL1|FREAC7|FKHL11","FKH6","2300","2300","false","2300","9606",""
"123234","80321|CEP70|BITE","CEP70","80321","80321","false","80321","9606",""
"129476","283150|FOXR1|DLNB13|FOXN5","FOXR1","283150","283150","false","283150","9606",""
"125319","AII|CLR1.1|MWS|PYPAF1|CIAS1|114548|FCAS|NALP3|NLRP3|C1orf7|FCU|AVP|FCAS1|AGTAVPRL","AII","114548","114548","false","114548","9606",""
"110339","MITOTIN|D3S3194|CDCL1|cdc19|CCNL1|BM28|4171|MCM2","MITOTIN","4171","4171","false","4171","9606",""
"122922","MYM|79830|ZMYM1|RP11-181E22.4","MYM","79830","79830","false","79830","9606",""
"123907","UTP15|NET21|84135","UTP15","84135","84135","false","84135","9606",""
"124353","CIRH1A|UTP4|TEX292|NAIC|CIRHIN|84916","CIRH1A","84916","84916","false","84916","9606",""
"124924","MRPS36|92259|DC47|MRP-S36","MRPS36","92259","92259","false","92259","9606",""
"125913","125058|TBC1D16","TBC1D16","125058","125058","false","125058","9606",""
"134231","392465|GLOD5","GLOD5","392465","392465","false","392465","9606",""
"107065","BCKDHA|MSUD1|BCKDE1A|OVD1A|MSU|593","BCKDHA","593","593","false","593","9606",""
"107066","594|RP1-279A18.1|dJ279A18.1|BCKDHB|E1B","RP1-279A18.1","594","594","false","594","9606",""
"107997","BCKAD-E2|RP11-305E17.3|E2B|BCKADE2|DBT|1629|E2|BCATE2","BCKAD-E2","1629","1629","false","1629","9606",""
"108081","DLTA|PDC-E2|DLAT|PDCE2|1737","DLTA","1737","1737","false","1737","9606",""
"108082","PHE3|GCSL|DLDD|1738|DLDH|DLD|tcag7.39|E3|LAD","PHE3","1738","1738","false","1738","9606",""
"108087","1743|DLTS|DLST","DLTS","1743","1743","false","1743","9606",""
"106707","AK 2|ADK2|204|AK2","AK 2","204","204","false","204","9606",""
"107765","L-CPT1|CPT1A|CPT1|1374|CPT1-L","L-CPT1","1374","1374","false","1374","9606",""
"109534","DNAJA1|HSDJ|HSJ2|HDJ2|3301|DjA1|hDJ-2|DJ-2|NEDD7|RP11-54K16.1|HSPF4","DNAJA1","3301","3301","false","3301","9606",""
"111017","OGDC|AKGDH|OGDH|4967|E1k","OGDC","4967","4967","false","4967","9606",""
"111186","PDHAD|PDHA1|PDHCE1A|PHE1A|RP11-723P2.1|PDHA|5160","PDHAD","5160","5160","false","5160","9606",""
"111188","5162|PDHBD|PDHE1-B|PHE1B|PDHB","PDHBD","5162","5162","false","5162","9606",""
"113616","SKMc15|IFRD2|7866|SM15|IFNRP","SKMc15","7866","7866","false","7866","9606",""
"113737","OPDX|PDHX|PDX1|8050|DLDBP|E3BP|proX","OPDX","8050","8050","false","8050","9606",""
"114737","GTF3C5|TFIIIC63|TFIIICepsilon|TFiiiC2-63|9328|RP11-326L24.5","GTF3C5","9328","9328","false","9328","9606",""
"115184","ZNF518|ZNF518A|9849","ZNF518","9849","9849","false","9849","9606",""
"115782","10527|Imp7|IPO7|RANBP7","Imp7","10527","10527","false","10527","9606",""
"116420","XPOT|11260|XPO3","XPOT","11260","11260","false","11260","9606",""
"117429","25929|GEMIN-5|GEMIN5","GEMIN-5","25929","25929","false","25929","9606",""
"118909","ABT1|29777|hABT1","ABT1","29777","29777","false","29777","9606",""
"118978","29941|PKN3|RP11-545E17.1","PKN3","29941","29941","false","29941","9606",""
"120269","54929|TMEM161A|UNQ582/PRO1152|AROS-29","TMEM161A","54929","54929","false","54929","9606",""
"120506","55210|RP5-832C2.1|ATAD3A","RP5-832C2.1","55210","55210","false","55210","9606",""
"113348","XPO1|7514|emb|exp1|CRM1","XPO1","7514","7514","false","7514","9606",""
"115779","10524|KAT5|PLIP|TIP60|HTATIP1|cPLA2|TIP|HTATIP|ZC2HC5|ESA1","KAT5","10524","10524","false","10524","9606",""
"111493","PP-1A|PP1A|5499|PP1alpha|PPP1A|PPP1CA","PP-1A","5499","5499","false","5499","9606",""
"120308","SMAR1|54971|BEND1|SMARBP1|BANP","SMAR1","54971","54971","false","54971","9606",""
"115900","10657|KHDRBS1|p68|p62|Sam68","KHDRBS1","10657","10657","false","10657","9606",""
"116634","fSAP152|ACINUS|ACIN1|ACN|22985","fSAP152","22985","22985","false","22985","9606",""
"120592","DDX19A|55308|DDX19-DDX19L|DDX19L","DDX19A","55308","55308","false","55308","9606",""
"122343","ATL1-alpha|64919|RIT1|BCL11B|ZNF856B|ATL1|ATL1-beta|hRIT1-alpha|ATL1-gamma|CTIP-2|ATL1-delta|CTIP2","ATL1-alpha","64919","64919","false","64919","9606",""
"115054","CEP57|TSP57|9702|MVA2|PIG8","CEP57","9702","9702","false","9702","9606",""
"118946","CPSF1|P/cl.18|29894|CPSF160|HSU37012","CPSF1","29894","29894","false","29894","9606",""
"107091","SDR9C1|BDH1|622|BDH","SDR9C1","622","622","false","622","9606",""
"115015","IQCB1|SLSN5|9657|PIQ|OK/SW-cl.85|NPHP5","IQCB1","9657","9657","false","9657","9606",""
"116667","KDM1A|AOF2|BHC110|RP1-184J9.1|LSD1|23028|KDM1","KDM1A","23028","23028","false","23028","9606",""
"107850","1468|SLC25A10|DIC","SLC25A10","1468","1468","false","1468","9606",""
"124961","TIM50|PRO1512|TIM50L|92609|TIMM50","TIM50","92609","92609","false","92609","9606",""
"115982","CTA-268H5.7|NPAP60L|NUP50|NPAP60|10762","CTA-268H5.7","10762","10762","false","10762","9606",""
"116502","PUF60|22827|RoBPI|SIAHBP1|VRJS|FIR","PUF60","22827","22827","false","22827","9606",""
"119534","ABS|DDX41|51428","ABS","51428","51428","false","51428","9606",""
"113867","MRX99|FAM|USP9X|DFFRX|RP5-1172N10.4|8239|FAF","MRX99","8239","8239","false","8239","9606",""
"111384","5371|MYL|TRIM19|PP8675|RNF71|PML","MYL","5371","5371","false","5371","9606",""
"115247","9919|RP11-413M3.10|KIAA0310|SEC16A|SEC16L|p250","RP11-413M3.10","9919","9919","false","9919","9606",""
"117071","SRRM2|300-KD|HSPC075|CWF21|Cwc21|SRm300|23524|SRL300","SRRM2","23524","23524","false","23524","9606",""
"115580","PRP21|10291|SF3A1|SAP114|PRPF21|SF3A120","PRP21","10291","10291","false","10291","9606",""
"112483","Rsc8|SMARCC1|6599|CRACC1|SWI3|SRG3|BAF155","Rsc8","6599","6599","false","6599","9606",""
"108421","TEL/ABL|2120|TEL|ETV6","TEL/ABL","2120","2120","false","2120","9606",""
"113622","USP7|7874|TEF1|HAUSP","USP7","7874","7874","false","7874","9606",""
"114637","MYM|DXS6673E|ZMYM3|ZNF198L2|ZNF261|9203|XFIM","MYM","9203","9203","false","9203","9606",""
"111919","DAAP-182E11.3|RNF76|5987|TRIM27|RFP","DAAP-182E11.3","5987","5987","false","5987","9606",""
"111824","P58|RP11-131A5.1|HHR23B|5887|HR23B|RAD23B","P58","5887","5887","false","5887","9606",""
"107243","CAD|790","CAD","790","790","false","790","9606",""
"120223","54875|C9orf101|C9orf39|RP11-163F8.4|bA340N12.1|CNTLN","C9orf101","54875","54875","false","54875","9606",""
"120939","BM032|SCKL4|CPAP|Sas-4|CENP-J|MCPH6|CENPJ|SASS4|RP11-756A22.2|55835|LAP|LIP1","BM032","55835","55835","false","55835","9606",""
"119733","51807|TUBAL2|TUBA8","TUBAL2","51807","51807","false","51807","9606",""
"114268","GBF1|ARF1GEF|8729","GBF1","8729","8729","false","8729","9606",""
"124606","RAINB1|STEERIN2|HELAD1|UNC53H2|POMFIL2|89797|NAV2","RAINB1","89797","89797","false","89797","9606",""
"107821","XPO2|1434|CSE1|CAS|CSE1L","XPO2","1434","1434","false","1434","9606",""
"110573","LCFS2|HNPCC|COCA1|MSH2|HNPCC1|4436|FCC1","LCFS2","4436","4436","false","4436","9606",""
"109540","hsp70|HSPH2|APG-2|HS24/P52|HSPA4|HEL-S-5a|RY|hsp70RY|3308","hsp70","3308","3308","false","3308","9606",""
"111680","5707|Rpn2|P112|PSMD1|S1","Rpn2","5707","5707","false","5707","9606",""
"115296","9971|FXR|HRR-1|BAR|NR1H4|HRR1|RIP14","FXR","9971","9971","false","9971","9606",""
"116802","23193|GANAB|G2AN|GLUII","GANAB","23193","23193","false","23193","9606",""
"109558","D6S182|3326|HSP90AB1|RP1-302G2.1|HSP90B|HSPC2|HSPCB|HSP84","D6S182","3326","3326","false","3326","9606",""
"111235","PFK-P|PFK-C|PFKF|RP11-298E9.2|5214|ATP-PFK|PFKP","PFK-P","5214","5214","false","5214","9606",""
"113353","KU80|NFIV|KARP1|7520|XRCC5|KUB2|Ku86|KARP-1","KU80","7520","7520","false","7520","9606",""
"111232","PFKL|PFK-B|5211|ATP-PFK|PFK-L","PFKL","5211","5211","false","5211","9606",""
"113036","HEL35|ECGP|GP96|TRA1|GRP94|7184|HSP90B1|HEL-S-125m","HEL35","7184","7184","false","7184","9606",""
"108019","UKVH5d|1653|DDX1|DBP-RB","UKVH5d","1653","1653","false","1653","9606",""
"109544","HSPA8|HSP71|NIP71|HEL-S-72p|HSPA10|HSC54|HSC70|HSC71|HEL-33|LAP-1|LAP1|3312|HSP73","HSPA8","3312","3312","false","3312","9606",""
"109538","HSP70-2|3306|HSP70-3|HSPA2","HSP70-2","3306","3306","false","3306","9606",""
"109537","HSP70-HOM|hum70t|HSP70-1L|3305|HSPA1L|HSP70T|DADB-333F21.5","HSP70-HOM","3305","3305","false","3305","9606",""
"109542","HSPA6|3310","HSPA6","3310","3310","false","3310","9606",""
"116603","22948|CCT-epsilon|TCP-1-epsilon|HEL-S-69|CCT5|CCTE","CCT-epsilon","22948","22948","false","22948","9606",""
"111332","CTHBP|TCB|PKM|PKM2|HEL-S-30|OIP3|PK3|5315|THBP1","CTHBP","5315","5315","false","5315","9606",""
"113054","CCT3|TCP-1-gamma|RP11-443G18.6|7203|CCT-gamma|PIG48|TRIC5|CCTG","CCT3","7203","7203","false","7203","9606",""
"112810","D6S230E|CCT-alpha|CCT1|CCTa|6950|TCP1|TCP-1-alpha","D6S230E","6950","6950","false","6950","9606",""
"115825","CCTETA|NIP7-1|10574|CCTH|CCT7|TCP1ETA","CCTETA","10574","10574","false","10574","9606",""
"124259","TUBA1C|TUBA6|bcm948|84790","TUBA1C","84790","84790","false","84790","9606",""
"115656","TUBB2C|Beta2|10383|TUBB2|RP13-122B23.2|TUBB4B","TUBB2C","10383","10383","false","10383","9606",""
"115654","10381|TUBB4|TUBB3|CDCBM1|beta-4|CFEOM3A|CFEOM3|FEOM3|CDCBM","TUBB4","10381","10381","false","10381","9606",""
"115655","TUBB4|DYT4|10382|beta-5|TUBB4A","TUBB4","10382","10382","false","10382","9606",""
"111251","5230|MIG10|PGK1|PGKA|HEL-S-68p|RP4-570L12.1","MIG10","5230","5230","false","5230","9606",""
"111678","SUG-1|p45|p45/SUG|PSMC5|S8|TRIP1|SUG1|5705|TBP10","SUG-1","5705","5705","false","5705","9606",""
"119818","53918|CGI-17|PRO1770|PELO","CGI-17","53918","53918","false","53918","9606",""
"111142","PCNA|5111|ATLD2","PCNA","5111","5111","false","5111","9606",""
"110827","4752|RP11-248G5.5|NEK3|HSPK36","RP11-248G5.5","4752","4752","false","4752","9606",""
"112108","RP11-513M16.6|S6|RPS6|6194","RP11-513M16.6","6194","6194","false","6194","9606",""
"132490","SET8|PR-Set7|SETD8|387893|KMT5A|SET07","SET8","387893","387893","false","387893","9606",""
"106962","ATC|ATD|TEL1|ATE|ATM|ATDC|TELO1|AT1|ATA|472","ATC","472","472","false","472","9606",""
"114907","9531|CAIR-1|BAG3|MFM6|BIS|BAG-3","CAIR-1","9531","9531","false","9531","9606",""
"121920","ARP-9|CEM-15|60489|APOBEC3G|ARP9|dJ494G10.1|MDS019|A3G|bK150C2.7|ARCD|CEM15","ARP-9","60489","60489","false","60489","9606",""
"108822","KU70|2547|CTCBF|XRCC6|CTC75|CTA-216E10.7|G22P1|ML8|TLAA","KU70","2547","2547","false","2547","9606",""
"123173","80204|FBX11|UG063H01|UBR6|VIT1|FBXO11|PRMT9","FBX11","80204","80204","false","80204","9606",""
"125732","HIST4H4|121504|H4/p","HIST4H4","121504","121504","false","121504","9606",""
"119792","ACID2|PTOV-1|53635|PTOV1|PP642","ACID2","53635","53635","false","53635","9606",""
"115563","HSPABP2|CHIP|10273|UBOX1|NY-CO-7|SCAR16|LA16c-313D11.6|STUB1|SDCCAG7","HSPABP2","10273","10273","false","10273","9606",""
"111564","AAG6|5578|PKC-alpha|PRKCA|PKCA|PRKACA","AAG6","5578","5578","false","5578","9606",""
"106665","BETA-ARK1|156|GRK2|ADRBK1|BARK1","BETA-ARK1","156","156","false","156","9606",""
"107057","BAX|BCL2L4|581","BAX","581","581","false","581","9606",""
"112092","L36A|RP1-164F3.1|L44L|RPL44|RPL36A|6173|MIG6","L36A","6173","6173","false","6173","9606",""
"106829","332|API4|BIRC5|EPR-1","API4","332","332","false","332","9606",""
"113139","TUBL2|7288|TULP2|CT65","TUBL2","7288","7288","false","7288","9606",""
"122340","RP4-620E11.3|64900|SMP2|LPIN3|LIPN3L","RP4-620E11.3","64900","64900","false","64900","9606",""
"123062","DOCK5|80005","DOCK5","80005","80005","false","80005","9606",""
"139225","548593|SLX1A|GIYD1","SLX1A","548593","548593","false","548593","9606",""
"111902","5970|NFKB3|RELA|p65","NFKB3","5970","5970","false","5970","9606",""
"107142","FAD|FAD1|BRCC2|GLM3|BRCA2|FANCD|675|FANCD1|BROVCA2|XRCC11|RP11-298P3.4|FACD|PNCA2","FAD","675","675","false","675","9606",""
"113870","8242|KDM5C|MRXJ|JARID1C|MRX13|MRXSCJ|MRXSJ|SMCX|RP11-258C19.2|DXS1272E|XE169","KDM5C","8242","8242","false","8242","9606",""
"109701","IGFIR|IGFR|JTK13|3480|IGF1R|CD221","IGFIR","3480","3480","false","3480","9606",""
"120490","PBRM1|BAF180|55193|PB1","PBRM1","55193","55193","false","55193","9606",""
"111308","MCAP|p110-alpha|PIK3CA|PI3K|CLOVE|MCM|CWS5|MCMTC|5290","MCAP","5290","5290","false","5290","9606",""
"117121","DDX58|RIG-I|23586|RLR-1|RP11-334P12.2|RIGI","DDX58","23586","23586","false","23586","9606",""
